{"loss": [4.761735916137695, 3.992318630218506, 3.2051045894622803, 2.609323740005493, 2.165318250656128, 1.7979612350463867, 1.6354413032531738, 1.3727947473526, 1.2464030981063843, 1.1574095487594604, 1.0197921991348267, 0.8921803832054138, 0.8080589771270752, 0.759227454662323, 0.7872123718261719, 0.6852562427520752, 0.6611695885658264, 0.5656850337982178, 0.6155822277069092, 0.5619612336158752, 0.5603325963020325, 0.49965518712997437, 0.47447413206100464, 0.43040230870246887, 0.4707888662815094, 0.4211241602897644, 0.39832210540771484, 0.3964976966381073, 0.36645057797431946, 0.37199628353118896, 0.30176565051078796, 0.3317073583602905, 0.34856539964675903, 0.2641359269618988, 0.3073728084564209, 0.2751805782318115, 0.30687302350997925, 0.2776973247528076, 0.2537439465522766, 0.2596355378627777, 0.2184070348739624, 0.23861093819141388, 0.2853793799877167, 0.25648099184036255, 0.23192787170410156, 0.235501229763031, 0.23256027698516846, 0.25691401958465576, 0.25220513343811035, 0.2267012745141983, 0.21420913934707642, 0.2111433446407318, 0.17956425249576569, 0.1973949819803238, 0.20790870487689972, 0.21935029327869415, 0.1972372829914093, 0.18167848885059357, 0.203750342130661, 0.19628724455833435, 0.18977069854736328, 0.21273170411586761, 0.17283573746681213, 0.17928823828697205, 0.16616590321063995, 0.20157630741596222, 0.19824032485485077, 0.1737496703863144, 0.18854297697544098, 0.17791146039962769, 0.1384093016386032, 0.17032277584075928, 0.14511306583881378, 0.1629961133003235, 0.1773705631494522, 0.15457120537757874, 0.15547676384449005, 0.17307868599891663, 0.12762637436389923, 0.17051956057548523, 0.1186818778514862, 0.15996497869491577, 0.10931509733200073, 0.20619547367095947, 0.13192684948444366, 0.14822597801685333, 0.14294734597206116, 0.15123634040355682, 0.14327019453048706, 0.15841086208820343, 0.15209990739822388, 0.13733035326004028, 0.15740150213241577, 0.10162049531936646, 0.13672605156898499, 0.16557997465133667, 0.14831992983818054, 0.1607360690832138, 0.12946432828903198, 0.14693669974803925], "accuracy": [0.03312499821186066, 0.08227848261594772, 0.17499999701976776, 0.2906250059604645, 0.3856250047683716, 0.46812498569488525, 0.518750011920929, 0.5699999928474426, 0.606249988079071, 0.6462500095367432, 0.6856250166893005, 0.7243750095367432, 0.7393749952316284, 0.7706249952316284, 0.765625, 0.7793750166893005, 0.7831249833106995, 0.8143749833106995, 0.8118749856948853, 0.8274999856948853, 0.8100000023841858, 0.8362500071525574, 0.840624988079071, 0.8631250262260437, 0.8556249737739563, 0.8731250166893005, 0.8774999976158142, 0.8712499737739563, 0.8787500262260437, 0.8818749785423279, 0.8931249976158142, 0.8893749713897705, 0.893750011920929, 0.9193750023841858, 0.9006249904632568, 0.9018750190734863, 0.8993750214576721, 0.9118750095367432, 0.918749988079071, 0.9118750095367432, 0.9331250190734863, 0.9168750047683716, 0.9125000238418579, 0.9262499809265137, 0.9318749904632568, 0.9237499833106995, 0.9300000071525574, 0.918749988079071, 0.9256250262260437, 0.9331250190734863, 0.9331250190734863, 0.9237499833106995, 0.9375, 0.9412500262260437, 0.9350000023841858, 0.9368749856948853, 0.9337499737739563, 0.9393749833106995, 0.9424999952316284, 0.9487500190734863, 0.9368749856948853, 0.9331250190734863, 0.940625011920929, 0.9462500214576721, 0.9481250047683716, 0.940625011920929, 0.9437500238418579, 0.949999988079071, 0.9443749785423279, 0.9468749761581421, 0.9549999833106995, 0.9481250047683716, 0.953125, 0.9462500214576721, 0.9462500214576721, 0.9568750262260437, 0.9518749713897705, 0.9549999833106995, 0.9624999761581421, 0.9512500166893005, 0.9649999737739563, 0.956250011920929, 0.9674999713897705, 0.9543750286102295, 0.9581249952316284, 0.9606249928474426, 0.9593750238418579, 0.9606249928474426, 0.9593750238418579, 0.9587500095367432, 0.9612500071525574, 0.965624988079071, 0.9524999856948853, 0.9674999713897705, 0.9618750214576721, 0.9593750238418579, 0.9581249952316284, 0.9543750286102295, 0.9593750238418579, 0.9581249952316284], "val_loss": [4.276739120483398, 3.642972707748413, 2.4913735389709473, 2.187526226043701, 1.4379833936691284, 1.3512864112854004, 1.5093498229980469, 1.9476141929626465, 0.7564288377761841, 0.6599047183990479, 1.0713528394699097, 0.4995652735233307, 1.4938921928405762, 0.5091091990470886, 0.3678852319717407, 0.5520352125167847, 0.4067184329032898, 0.5672691464424133, 0.49542728066444397, 0.34974393248558044, 0.47112083435058594, 0.340302050113678, 0.31532755494117737, 0.4466201066970825, 0.4886426031589508, 0.6180095672607422, 0.38679859042167664, 0.397943377494812, 0.3716731667518616, 0.36906707286834717, 0.24987450242042542, 0.29156529903411865, 0.34880152344703674, 0.3744966387748718, 0.42467445135116577, 0.2591419517993927, 0.25023525953292847, 0.2180507630109787, 0.49535122513771057, 0.5833284258842468, 0.3405603766441345, 0.20449064671993256, 0.21882331371307373, 0.22628459334373474, 0.32336366176605225, 0.21614843606948853, 0.13876982033252716, 0.1966811567544937, 0.18058240413665771, 0.17212969064712524, 0.24971036612987518, 0.19524478912353516, 0.36478927731513977, 0.2187427580356598, 0.40735408663749695, 0.22700512409210205, 0.2570357918739319, 0.30337417125701904, 0.34358397126197815, 0.24187006056308746, 0.2626568675041199, 0.19508376717567444, 0.2311439961194992, 0.23940394818782806, 0.21381686627864838, 0.1899583637714386, 0.24396486580371857, 0.2809613347053528, 0.19120652973651886, 0.28589823842048645, 0.29353490471839905, 0.35925352573394775, 0.23331807553768158, 0.18861083686351776, 0.1981746256351471, 0.29182374477386475, 0.30719634890556335, 0.18161296844482422, 0.2379683554172516, 0.2818634510040283, 0.1717705875635147, 0.1442185640335083, 0.19531220197677612, 0.2148541957139969, 0.20853905379772186, 0.3082238435745239, 0.33263230323791504, 0.20587289333343506, 0.11812810599803925, 0.21226826310157776, 0.15144111216068268, 0.31146571040153503, 0.1363382190465927, 0.1465233713388443, 0.43979689478874207, 0.30456918478012085, 0.18783827126026154, 0.26647594571113586, 0.17727479338645935, 0.23949375748634338],